Receiver_ID,Name,Type,City,Contact
1,Donald Gomez,Shelter,Port Carlburgh,9559225295
2,Laurie Ramos,Individual,Lewisburgh,7610421570
3,Ashley Mckee,NGO,South Randalltown,230094856
4,Erika Rose,NGO,South Shaneville,8296491111
5,John Romero,Individual,Bakerport,674910154
6,Mandy Sutton PhD,Shelter,East Sharimouth,6827775357
7,Kenneth Baker,NGO,South Edwinborough,4563864071
8,James Perez,Charity,Benjaminburgh,9867486688
9,Emily Turner,Shelter,West Robert,226157520
10,Mary Salazar,NGO,Wrightland,3751811395
11,Amber Pacheco,Individual,South Gregorymouth,1559607276
12,Jennifer Bishop,NGO,Katherineside,3635549805
13,Jamie Sutton,Shelter,Lake Matthewstad,4789202687
14,Brian Fischer,Shelter,Burkeside,413246326
15,Donald Kelly,NGO,Port Ronald,9357985303
16,Elizabeth Lewis,NGO,Port Tara,8638677565
17,Melissa Castillo,NGO,Silvaport,6992329544
18,Lisa Williams,NGO,Moranhaven,5578095688
19,Courtney Sanders,NGO,North Cynthiaberg,837540501
20,George Palmer,NGO,Sandrahaven,7448386083
21,Emily Davidson,NGO,Jonesside,3076951510
22,Kristina Meza,Shelter,Lake Nicole,1251600319
23,Kurt Ward,Individual,Aliciabury,5997619919
24,Tammy Moore,Individual,Monicafort,7211055278
25,Lisa Mcclain,NGO,Lake Elizabeth,3908259361
26,Kimberly Lindsey,Charity,Port Matthewmouth,5111434565
27,Johnny Page,NGO,Susanfurt,2519222940
28,Mary Franklin,Individual,Courtneyfurt,8998612178
29,Nicholas Robinson,NGO,Lake Kendra,489738326
30,Bruce Sanchez,Shelter,North Heather,5918196171
31,Rose Powell,NGO,Spencermouth,1527297648
32,Audrey Perez,Individual,Taylorfort,6370257736
33,Anita Kerr,NGO,Walshfort,5689929509
34,Megan Alvarez,Individual,North Robert,6244329386
35,James Castaneda,Shelter,South Rachaelhaven,7294555052
36,Teresa Davis,Charity,Olsonville,7305134768
37,Angel Adams,Shelter,West Erik,8499596994
38,Alexander Mullins,Charity,Josephview,2484817680
39,John Ramirez,Shelter,Moorechester,8597018773
40,Abigail Davis,Individual,West Carrie,3078253197
41,Julia Elliott,Shelter,Port Kellyburgh,2655133036
42,Maria Jacobs,NGO,Port Dawntown,2250198954
43,Bobby Perry,Charity,Amberfort,8973357055
44,Andrew Lawson,Shelter,Davisborough,6225667870
45,Derek Potter,Charity,South Laurachester,3727517026
46,Kevin Lee,Charity,East Teresahaven,3542538089
47,Taylor Dean,Shelter,Moorechester,2971005658
48,Jennifer Graham,Individual,East Saraport,7460394487
49,Gabriel Nicholson,Charity,South Tonyaborough,5233391285
50,Brian Gonzales,NGO,North Sarah,4382803907
51,Timothy Clark,Charity,Port Johnchester,6621143941
52,Cheryl Dillon,NGO,Hornemouth,3501461578
53,Cassandra Owens,Shelter,Tomburgh,1937735105
54,Veronica Howard,NGO,Higginsmouth,2236207333
55,Erika Rodriguez,Shelter,Larastad,2004181457
56,Deborah Smith,Individual,Jasonshire,9427636961
57,Christopher Lozano,Individual,New Mary,2178270862
58,Julia Madden,Shelter,Michaelton,3212078844
59,Alicia Thomas,Charity,Lake Mary,2003473019
60,Jessica Rivas,NGO,Phillipborough,7831595022
61,John Vazquez,Charity,South Kathleenbury,6564225123
62,Nichole Lewis,NGO,North Catherinefurt,4552695255
63,David Turner,Charity,East William,4456052297
64,Debra Sheppard,Shelter,North Darinshire,7266781689
65,Cody Gardner,NGO,Port Belinda,3950421232
66,Jade Jackson,Individual,West Jaclyn,1582253172
67,Rodney Walker,Shelter,Strongshire,8577775891
68,Wesley Thompson,Charity,Edwardburgh,5289197537
69,Scott Brown,NGO,East Dylan,7939895559
70,Carolyn Whitaker,Individual,Gregoryville,6651783261
71,Timothy Daniel,Charity,New Gloriaburgh,8196629861
72,Charles Davidson,Shelter,West Angelatown,2946982957
73,Kimberly Mills,NGO,Christineton,2888215439
74,Patricia Smith,NGO,Laurafurt,2204535600
75,Nicholas Smith,Charity,Manningtown,6059701115
76,Anna Lopez,Individual,North Jenniferside,8056245306
77,Juan Spencer,Individual,North David,2796389583
78,Aaron Davis,Shelter,Marshallton,2310820755
79,Meagan Ramirez,Charity,Angelaville,6769155556
80,Eric Jackson,Individual,Knightburgh,7326023388
81,Theresa Ramirez,NGO,Port Gregoryport,8957478325
82,Laura Bennett,NGO,Evansside,9169340160
83,Julie Hines,NGO,Davidview,1654548405
84,Deanna Lewis,NGO,East Kelli,938550061
85,Jeffery Mueller,Charity,Lake John,3024932900
86,Jessica Grant,Charity,Smithshire,1321809716
87,Tammy Walker MD,Charity,West Ronaldland,9820447177
88,Eric Ryan DDS,NGO,Lake Daniel,4684702126
89,Mr. David Lambert,Individual,Robinsonside,9298411999
90,Alvin West,Shelter,Kellybury,4173148724
91,Ashley James,Charity,Garrettborough,7847581225
92,Bridget Peterson,NGO,Greenton,376331927
93,Allison Bray,Individual,Alexatown,1222773588
94,Timothy Patel DVM,Charity,New Jessica,8329667841
95,Anthony Green,NGO,Laurafort,2492305313
96,Michael Walls,Individual,Carterside,6509307741
97,Nathan May,Charity,South Veronicaburgh,8087849354
98,Brian Cowan,Individual,Henryhaven,2126521005
99,Nancy Silva,Individual,Russellville,2213591105
100,Melissa Little,NGO,Robertaborough,2637746235
101,Nicole Reid,Shelter,Hollytown,8085646895
102,Daniel Burton,Individual,North Matthewhaven,2844190487
103,Karen Cruz,Individual,West Justin,5005835978
104,Victor Reyes,Charity,North Joshuafort,3088725335
105,Trevor Wilson,NGO,North Pamela,1914034050
106,David Johnson,Individual,Lake Rebecca,350190294
107,Jessica Morris,NGO,Port Elizabethton,1377761761
108,Suzanne Dawson,NGO,East Josephstad,5921433841
109,Rachel Nguyen,NGO,Theresamouth,405452043
110,Karla Castillo,NGO,Lake Michaelton,1268597518
111,Deanna Flores,NGO,West Johnny,6692949581
112,Brady Lopez,Individual,Michaeltown,2755906807
113,Jonathan Young,Shelter,Georgeborough,4178677029
114,John Chase,NGO,Meganton,2464704854
115,Anthony Carter,Shelter,Scottmouth,4997267360
116,Mark Lee,Individual,Port Teresa,7576830086
117,Kelly Pierce,Shelter,East Heatherborough,5172321717
118,Matthew Tran,Charity,South Franciscoport,1441560457
119,Jasmine Robertson,Individual,Deanview,7867694237
120,Matthew Ramos,Shelter,Kennethberg,6397039449
121,Gavin Freeman,NGO,Ayalamouth,7826814168
122,Drew Cline,NGO,Port Patriciachester,5178287715
123,Teresa Williams,Charity,South Alexandraport,8882964732
124,Marie Andrade,Charity,Meghanfort,3140962823
125,Tammy Smith,Individual,Campbellchester,5371925410
126,Heather Brown,NGO,North Lori,1613658718
127,Hayden Hill,NGO,North Roger,1431125754
128,Sarah Carter,Charity,New Benjamin,5130185852
129,Denise Martinez,Charity,Drakeburgh,8878557617
130,Matthew Hughes,Charity,Marieview,4684314471
131,Shawn Mills,Charity,Jeffhaven,9511921790
132,Katherine Gomez,Charity,South Jasonberg,221083673
133,Robert Johnson,NGO,West James,3017495770
134,Emily Christian,Individual,Marcusberg,6292189533
135,Jeanne Spencer,Shelter,Huntermouth,4746001775
136,Katherine Murphy,NGO,New Elaine,675064790
137,James Jones,NGO,Bakerfort,1224216342
138,Christina Potter,NGO,Phillipsbury,1444542657
139,Charles Martin,NGO,New Christopher,90817964
140,Kristin Scott,Shelter,North Christina,5989059117
141,Christine Gray,Individual,Dawnview,4665380401
142,Melody Good,NGO,Wilsonfort,8802732716
143,Amanda Hendricks,Shelter,Nancyshire,94941313
144,Jennifer Nelson,Individual,North Paul,8027241644
145,David Hull,Shelter,Tanyachester,1398046633
146,John Cummings,Individual,Joshuamouth,1344646051
147,Sara Wise,NGO,New Shannonbury,7368818590
148,Robert Simon,NGO,North Amandafort,6467107977
149,Nathan Willis,NGO,Danielfort,3189696322
150,Kelly Howe,Charity,Davidmouth,593098621
151,Lisa Eaton,Shelter,New Aimeemouth,3428696733
152,Jasmine Miranda,Individual,Caseyland,948003395
153,Jason Holmes,Individual,Williamtown,3306129768
154,Thomas Johnson,Shelter,Lake Victoriaport,6267945876
155,Christopher Kennedy,Shelter,Patriciaton,5091798044
156,Corey Mitchell,Charity,Jacobsmouth,1585579367
157,Jason Davis,Individual,Charleston,5231146883
158,Gregory Murphy,Individual,South Ashley,903192480
159,Angela Cortez,NGO,Lisaton,6485171780
160,Tracy Hartman,Charity,South Jill,9472039101
161,Mary Nguyen,Charity,Mcclurestad,1822743789
162,Douglas Baxter,Individual,Amandaville,8230818363
163,Jennifer Anderson,Charity,Daleshire,733754139
164,Aaron Scott,Charity,Heatherfurt,3316828937
165,Danielle Bailey,Shelter,East Sarahtown,6092709574
166,Danielle Willis,Charity,Ginamouth,8374734840
167,Erica Fox,Charity,West Shawn,1887862118
168,Kayla Johnson,Shelter,East Timhaven,7865345065
169,Jon Stanton,Charity,Nguyenfurt,2327868881
170,Adam Browning,Charity,Port Erica,1965969067
171,Suzanne Velasquez,NGO,Joanchester,6724633961
172,Nicole Brown,Charity,Thomaston,2161216760
173,Jason Moore,NGO,West Courtneyport,8515418139
174,Matthew Johnson,Individual,Smithstad,2858590597
175,Stephanie Hoffman,Individual,New Tiffany,5985363199
176,Brendan Farley,NGO,Nicoleport,3763303007
177,Tonya Lucas,NGO,Robertsonchester,4265239521
178,Deanna Jarvis,Shelter,Port Emilymouth,7995658611
179,Adam Hodge,Charity,West Krystalview,7515462947
180,Michelle Cook,Shelter,Peterhaven,4129024858
181,Paul Evans,NGO,Smithshire,3222400397
182,Troy Miller,Charity,Seanside,8901485867
183,Nicole Walker,Individual,Thomasland,5691302561
184,Matthew Sanchez,Individual,Port Melissa,162223981
185,Shannon Pineda,Individual,Lake Amanda,2490893786
186,John Massey,Shelter,Heathertown,4995907798
187,Amy Thomas,Shelter,Lake Erica,9505974795
188,Tina Ingram,Charity,Angelicatown,4364612054
189,Stephen Smith,Individual,Maxberg,3261349605
190,Maria Jackson,Charity,North Shelby,416963060
191,Brent Anderson,Shelter,New Seanburgh,2254787600
192,Rhonda King,Individual,Toddborough,3679585492
193,Jesse Brown,Charity,Figueroaport,5070682893
194,Alan Campbell,NGO,Shawmouth,7079371978
195,John Martin,Charity,New Jason,1746644358
196,Tara Bauer,Charity,Port Dustin,7099352878
197,Deanna James,Shelter,East Tinamouth,69403681
198,Scott Anderson,Individual,East Teresamouth,7332968887
199,Ashley Rivers,Individual,East Sharon,5121936577
200,Nicole Williams,NGO,East Jillian,7807784633
201,Calvin Lucas,Individual,Corybury,4177309502
202,Veronica Coleman,NGO,North Mario,2552876619
203,Vincent Matthews,Shelter,Allenmouth,335998576
204,Rachel Thomas,Individual,North Lindachester,3584816786
205,Kimberly Wilkins,Charity,West Casey,3783162949
206,Ashley Brooks,Individual,Ramseystad,4288209314
207,Nicholas Holloway,Shelter,South Kendraville,7198219201
208,Michael Flores,Charity,Andrewmouth,6828043628
209,Gina Payne,Individual,Steveberg,8466341029
210,Tara Mcmahon,NGO,South Anna,2835288473
211,Judy Griffith,Charity,Baileyville,1638212809
212,Ronald Gonzalez,Shelter,Stevenmouth,7832100415
213,Kelly Barber,NGO,Emilymouth,408804690
214,Corey Rodriguez,NGO,New Roseville,5447425907
215,Mr. Matthew Johnson DDS,Charity,Port Stephen,1733110659
216,Morgan Massey,Charity,West Amybury,9292866902
217,Kelsey Holloway DDS,Charity,Ashleyborough,5197878749
218,Corey Lamb,Charity,New Daniel,8828939920
219,Alex Rogers,Charity,Lake Austinmouth,176131019
220,Cassandra Mendoza,NGO,Dantown,2612673922
221,Rebecca Goodman,Shelter,Robinsonland,2218538523
222,Stephanie Jones,Shelter,West Aaronport,299401111
223,David Henderson,Charity,Hallside,9769469613
224,Franklin Kelley,Charity,East Jacob,2077678809
225,Joseph Bowman,NGO,West Jessica,4284724463
226,Daniel Kerr,Charity,Fergusonton,5593848406
227,Samuel Hodge,NGO,Port Maria,3024637516
228,Joanna Wilkins,Charity,Singletonview,7968881488
229,Tina Watkins,Shelter,Bushview,7774795306
230,Nathaniel Moreno,NGO,Poolestad,8189063631
231,Christopher Barrett,Charity,Port Brianville,125466035
232,David Smith,Charity,Davidshire,1064657709
233,Alicia Porter,Charity,Port Ericmouth,4288466578
234,Keith Atkinson,Charity,Lake Julia,9684161069
235,Megan Freeman,NGO,Rogerburgh,7461830559
236,Duane Burnett,Charity,New Derek,1144533323
237,Cathy Adams,Shelter,West Josephshire,2690614726
238,Kendra Krause,NGO,Davisburgh,4500320502
239,Lindsay Garcia,NGO,North Kimberlyport,722151225
240,Ronald Miller,Shelter,Edwardsside,180633263
241,Elizabeth Dunn,Charity,Wilsonfurt,692210114
242,Matthew Pearson,NGO,Garciaview,6212235497
243,Alexis Smith,NGO,West Vickie,9393993350
244,Jason Ramos,Shelter,Carolhaven,140992777
245,Rebecca Sanchez,Shelter,New Craig,5864137361
246,Kristi Wagner,Shelter,Lake Darrellburgh,2642551562
247,John Mitchell,Charity,Aaronshire,951847835
248,Victoria Lee,Charity,New Abigail,6235915290
249,Zachary Lewis,Charity,Lake Kelli,318694632
250,Jamie Ferguson,Charity,Jenniferberg,1504048243
251,Sarah Hodges,NGO,Martinland,161631445
252,Angela Dunlap,Individual,New Julian,8542032129
253,Adam Pittman,NGO,West Christiantown,1515888706
254,Felicia Wilkinson,Shelter,Williamsfort,4034230469
255,Walter Myers,Individual,New Tina,7883810454
256,Derek Wilson,Individual,Christopherland,8597585002
257,David Bryant,Shelter,South Amy,9031191927
258,Scott Grant,Individual,Port Samantha,9886097955
259,Aimee Stone,NGO,Barnesport,4704183013
260,Patricia White,Charity,Lake Jessicaborough,6354716587
261,Maria Lang,NGO,East Moniquemouth,2611223445
262,Autumn Reed,NGO,East John,12020048
263,Ann Mcclure,Shelter,West Johnmouth,3357769231
264,Sandra Townsend DVM,NGO,West Kelly,6084242924
265,Rebecca May,Individual,Murrayview,7831443726
266,Stacy Mayo,Shelter,Bauerton,9252936855
267,Randall Robbins,Shelter,Dylanton,3821126000
268,Steven Morton Jr.,Shelter,Kellybury,8845037406
269,Mrs. Paula Jones,Individual,Emilymouth,7274236543
270,Darlene Fernandez,Shelter,Monicaton,792874429
271,Mark Hartman,Individual,East Ashleyshire,8180151582
272,Walter Carter,Shelter,Brianchester,4412302001
273,Jonathan Soto,Charity,Autumnbury,9381119057
274,Robin Ross,Individual,East Williamborough,7807540093
275,Michael Johnson,Individual,Longmouth,810428712
276,Scott Hunter,Individual,Greenton,5505360975
277,Austin Jones,Charity,Brandonside,4748397472
278,Jay Roberts,Shelter,West Christopher,8151380935
279,Angela Wyatt,Charity,Port Jessica,1316463179
280,Jesse Miller,Shelter,Port Samanthamouth,7641309854
281,Mrs. Kristin Adams DDS,Charity,Lake Christychester,737643235
282,Lisa Pitts,Shelter,Lake Stephenport,7093423522
283,Edward Cook,Charity,Isaiahtown,5345202158
284,Beth Sanchez,NGO,Dustinfurt,3781782821
285,Derrick Curtis,NGO,Stephaniechester,9516395596
286,Travis Hughes,Shelter,Castilloland,6670497813
287,Jennifer Johnson,Charity,Burnettton,7970971389
288,Christopher Larsen,NGO,Susanview,1464226270
289,Nathan Reynolds,Shelter,Lake Tina,295226591
290,Karen Brennan,Shelter,Hannahside,6935324960
291,Dawn Thompson,Charity,North Josephland,1419736585
292,Mrs. Emily Smith DVM,NGO,Shermantown,5424932868
293,Randy Roach,Charity,East Bryan,8885344534
294,Cynthia Horton,NGO,Jamesstad,5765970774
295,Joseph Williams,Individual,East Dale,1125139413
296,Pamela Santos,Shelter,Lake Michael,1865350045
297,Deanna Daniels,Individual,Aguilarstad,4369292288
298,Robert Burke,NGO,Marksmouth,9780230932
299,Michael Curtis,Shelter,Alexanderbury,7888166849
300,Jeanne Benjamin,NGO,North Alexander,79713446
301,Kristina Simpson,NGO,Melissaport,3752453906
302,Daniel Moore,Charity,Port Richard,8098232828
303,Joseph Davis,NGO,Millerport,2631967760
304,Jennifer Ayala,NGO,Edwardshaven,5841175681
305,Brendan Vargas,NGO,Kellyville,6606741707
306,Donna Williams,Charity,Calebview,3099009518
307,Logan Becker,Charity,North Patriciamouth,2262391432
308,Robin Pena,NGO,Cynthiashire,6917758145
309,Bryan Smith,Individual,New Julia,5064415817
310,Gary Adams,Individual,New Sara,3402661837
311,Tina Jackson,Charity,Geraldchester,1030025677
312,Pamela Morales,NGO,Schaeferfort,2425309708
313,David Marsh,Shelter,North Kimberlyfort,6576831348
314,Kelsey Smith,Shelter,Haleymouth,9303677897
315,Anthony Harris,Individual,West Aaronberg,8113062805
316,Jacob Montoya,NGO,Meganmouth,8636685166
317,Martha Flores,NGO,Lake Glenview,5684260750
318,Michael Carter,Charity,Danielborough,6896475327
319,Donald Bender,Charity,Andersenfort,8996349569
320,Carmen Barker,Shelter,North Williamview,1512843163
321,Wanda Wise,Shelter,South Bethanyport,8049349472
322,Stephanie Mathews,Shelter,North Ashleymouth,2776249312
323,Linda Banks,Individual,New Sarahmouth,940392583
324,Kristine Martin,NGO,Thompsonhaven,4412716438
325,Lawrence Owens,Individual,South Amybury,5657487655
326,Douglas Jacobs,NGO,East Gina,722490353
327,Aaron Keller,Shelter,Melissaview,7995680302
328,Carlos Lawrence,Individual,New Justinhaven,2725803538
329,Christine Patterson,Individual,Edwardfort,709815520
330,Kimberly Hamilton,Individual,North Bruce,8682329944
331,Shane Stein,Individual,Reidton,9627714274
332,Raymond Harris,Charity,Hammondfort,1731852783
333,Gabriel Vargas,Charity,Chaseview,3432542598
334,Gina Wu DDS,Shelter,Lake Melindaside,4843500946
335,Deborah Sexton,Shelter,Victoriastad,3647206569
336,Laura Marshall,Charity,East Lisafurt,7791681453
337,Jennifer Schmidt,Individual,South Michelleshire,1409427296
338,Patrick Zimmerman,Shelter,Thomasberg,6389318024
339,Dustin Johnson,Individual,Gomezmouth,5281584366
340,John Baxter,NGO,New William,1913666913
341,Anna Buckley,Individual,Murphyfort,2819097013
342,Kristina Vargas,Charity,Lake Rebeccaton,7796707066
343,Roberto Stanley,Shelter,Melindaview,9941770763
344,Barbara Velasquez,Charity,Priceborough,6692474183
345,Eric Ramos,Individual,Rushfurt,8158732812
346,Mr. Mark Knight DVM,Charity,East Joseph,9678722411
347,Michael Keller,Individual,New Derek,5721246444
348,Donna Hughes,Individual,Maryfort,5203779375
349,Gwendolyn Johnson,Individual,West James,6497149926
350,Sylvia Stanley,Shelter,Jenniferbury,652300281
351,Kerry Jones,Charity,New Christopher,7257795651
352,Cody Martin,Individual,Angelamouth,8658009652
353,Mrs. Stacey Morales MD,Individual,Juliastad,8660509817
354,Kimberly Nelson,Charity,Lake Lesliemouth,94753945
355,Brian Hoffman,Shelter,Lake Dillonborough,5354217242
356,Brian Cherry,Charity,Swansonport,6733722010
357,Jacob Orozco,Individual,West Jeffrey,7878348225
358,Brian Davis,Charity,Williamsfort,7506465852
359,Travis Walker,NGO,West Dan,8439050785
360,Tammy Boone,Shelter,New Christopher,7137646501
361,Samuel Lewis,Individual,North Nicole,8075033358
362,Elizabeth Collins,Shelter,Johnland,5328275383
363,Stephanie West,Charity,North Jamesfurt,7942545542
364,Keith Gray,Charity,New Corey,7371391812
365,Melissa Green,Shelter,South John,9804261205
366,Tony Holmes,NGO,Jaredport,3140400485
367,Ricardo Roberts,Individual,West Matthewborough,7173824461
368,Debra Murray,NGO,Duncanchester,5668325437
369,Sherry Hall,NGO,Davidmouth,6636232267
370,Tara Johns,Individual,Paulmouth,1599158449
371,William Frederick,NGO,Port Dean,2285519866
372,Harold Bowen,Charity,South Barbaraburgh,2165304238
373,Seth Esparza,Shelter,Port Brandonberg,2597616873
374,Ricky Walker,Individual,Port Johnstad,7007862511
375,Melissa Smith,Shelter,Lake Stevenburgh,6162305539
376,John Reeves,NGO,Jamieview,6924420943
377,Patrick Campbell,NGO,Leeton,7058064686
378,Brandi Buckley,Shelter,Lawrencechester,2294512087
379,Tara Graham,Shelter,Lake Cory,6178697697
380,Heather Silva,Charity,Lake Ryan,1340826530
381,Yvette Huffman,Charity,Reevestown,8398518386
382,Patricia Stevens,Shelter,Perezport,4790049980
383,Melissa Kennedy,Individual,West Tina,5491624644
384,Anthony Guerra,Charity,North Michelle,2270705313
385,William Barnes,Shelter,Kellyfurt,2410749262
386,Mary Hopkins,Individual,Tiffanyport,5084657500
387,Michael Proctor,Charity,Lisafurt,1195494969
388,Nicole Mueller,Charity,Rachelberg,2412691178
389,Kelly Buchanan,Charity,Lake Jonathanchester,2751780789
390,Victor Crawford,NGO,New Brandonton,7525262752
391,Regina Munoz,NGO,Lake Clinton,5859553149
392,Tracy Douglas,NGO,Gordonstad,2289328580
393,Dana Simmons,Shelter,West Jorge,232375794
394,Kyle Kerr,Charity,Sarahville,5371584157
395,Joseph Davis,Charity,Sherryhaven,7027576102
396,Allison Martinez,NGO,New Amy,5111142655
397,Mr. Robert Rivera II,Individual,Bergerport,5454784289
398,Alex White,Charity,Port Carmen,2263638449
399,Jennifer Hughes,Charity,West Donnaton,3012048556
400,John Byrd,Shelter,West Randall,3136702212
401,Leslie Acevedo,Charity,Lake Matthew,7355689803
402,Nicholas Mosley MD,Individual,North Manuel,7593327128
403,John Collins,Shelter,New Deborahville,2377663335
404,Marissa Fischer,Shelter,New Kevin,6381428597
405,David Evans,Shelter,Chambersmouth,3162219715
406,Ashley Martinez,NGO,Lake Crystal,1515212736
407,Arthur Thomas,Charity,Clarkhaven,1585607849
408,Jennifer Mccoy,Individual,Morganville,7111481808
409,Matthew Simmons PhD,Shelter,Brandonhaven,8455958950
410,Betty Reid,Charity,North Abigail,6711720926
411,Eric Kaiser,Shelter,West Mikayla,9690455844
412,David Carney,NGO,Port Dianemouth,7321565428
413,Dennis Schultz,NGO,New Natalieland,3480490216
414,Dr. Matthew Hughes DDS,NGO,Christopherchester,4229091321
415,Kevin Blair,Individual,Lake Laurenburgh,3357574595
416,Ernest Cox,Shelter,Christinaland,614624166
417,Justin Santos,NGO,Rayfurt,2162913146
418,Miss Mary Turner,Charity,North Holly,8993302450
419,Teresa Jackson,Shelter,Port Thomasstad,5671507034
420,Susan Green,Charity,Josephborough,8742809975
421,Jonathan Copeland,Shelter,Jonathanview,481897257
422,Tina Bean,Charity,South Tyler,900264425
423,Christine Bell,Individual,South Edwardburgh,3319674489
424,Pamela Harris,Charity,Lewisfort,3205623060
425,Robert Chavez,NGO,Chadport,499104019
426,Jose Rivas,Shelter,Rosaleschester,4559848386
427,Toni Johnson,NGO,Lake Steven,452298601
428,Elizabeth Galvan,NGO,Lake Karen,8960181230
429,Daniel Williams,Shelter,Russellburgh,2886093038
430,April Johnson,NGO,Pagemouth,5404860312
431,Mr. Gregory Thompson,Charity,East Douglas,8581315130
432,Julie Brown,NGO,East Melissaport,667339918
433,Michael Dunn,Individual,Lake Kyleside,2639942712
434,Jason Alvarez,NGO,South Connorview,1071645994
435,Whitney Evans,Shelter,Martinezside,3559119659
436,Jacqueline Turner,NGO,Robertsport,9378418251
437,Lindsey Lewis,Shelter,West Rogerview,6102098312
438,Jane Davis,Individual,Lake Joshuaville,5548487778
439,Erika Lopez,Shelter,North Margarethaven,1170271702
440,Alexander Walsh,Individual,Troyshire,3878587009
441,Cynthia Johnson,Charity,West Cherylland,980270507
442,Natasha Harper,NGO,Port Sara,3327281635
443,Brittany Anderson,Individual,Port Michaelmouth,1413412104
444,Michael Simmons,Individual,Coreymouth,3734805364
445,Christopher Williams,NGO,North Kathryn,402326262
446,Eric Mays,NGO,Port Deborahbury,6987496465
447,Erika West,Individual,Mikemouth,3427089860
448,Nicholas Harrison,Shelter,New Timothymouth,155752106
449,Mrs. Valerie Hartman,NGO,Port Jenniferborough,1271218776
450,Russell Smith,Charity,New Rebecca,5756141390
451,Marcus Gregory,Shelter,Hollyside,9040542105
452,Tina Banks,Charity,Port Judith,9865357620
453,Kristen Alvarado,NGO,Davidport,6909206414
454,Steven Griffin,NGO,Cruzborough,5115950189
455,Jennifer Kennedy,Individual,Port Deborah,9581893095
456,Rodney Perkins,Charity,Lake Christina,2914238876
457,Ryan Cole,Charity,Sandratown,4869563901
458,Michael Vargas,Charity,East Andrewhaven,6619337047
459,Brandon Riley,NGO,Powerston,7423646134
460,Karen Stafford,Shelter,West Justinberg,407743704
461,Tonya Lewis,NGO,Edwardport,9693197491
462,Timothy Martin,Charity,Lake Adriennechester,686804383
463,Frank Jackson,Charity,North Jeffreychester,4638508595
464,Richard Parsons,Shelter,Bushbury,3110642127
465,Makayla Davis,Shelter,Chrisport,2829299573
466,Christine Ashley,Individual,South William,1843528380
467,Nathan Gonzales,Charity,East Daniel,9084807329
468,David Castro,Shelter,Heatherhaven,2986113352
469,Steven Martinez,Individual,Johnsonberg,7723986224
470,Edwin Osborne,NGO,North Robinville,1606057945
471,David Fuentes,NGO,North Kimberlyland,9660659378
472,Brian Hill,Charity,Port Dominique,6609943200
473,Justin Powell,Shelter,Port Sarah,2394746965
474,Christine Lawrence,Charity,Bobbyfort,9363786017
475,Kim Gamble,Individual,East Ginafort,762758691
476,Jennifer Baker,Shelter,Castilloshire,938993380
477,Jorge Young,Shelter,Lake Rebeccaton,2086783432
478,Benjamin Wilson,NGO,West Aliciaburgh,5228626624
479,Karen Reeves MD,NGO,Lake Mitchellbury,3651743809
480,Michael Roberson,NGO,South Davidstad,4517124447
481,Heather Brown,Shelter,New Michaelport,6225038219
482,Timothy Garrett,NGO,Andersonview,9075323328
483,Emily Sandoval,Charity,Port Gregory,762070611
484,Mary Harrington,Shelter,Port Jason,1596013005
485,Debbie Cox,Charity,Christopherchester,9147860960
486,Ronald Brown,Shelter,New Dustin,7682014672
487,Micheal Peterson,NGO,West Jeffreyfurt,943304095
488,Patrick Jenkins,Charity,West Richard,8860839905
489,Erin Foster,Charity,Jessicatown,8195438798
490,Tiffany Smith,NGO,Port Brandon,9541064502
491,Molly Edwards,Charity,Rodriguezborough,3469124779
492,Julie Lewis,NGO,South Steven,5234974606
493,Chelsea Powell,Charity,Lake Rachelburgh,9416872504
494,Timothy Chavez,Individual,Brooksmouth,6436226066
495,Andrea Meyer,Individual,Christophertown,5754238796
496,Kristina Park,Charity,Langburgh,6085420101
497,Miss Jamie Gonzalez DDS,Charity,Proctorville,3216191390
498,Dennis Ford,Charity,Port Derekland,5608388104
499,Ricky Harmon,Individual,Port Chaseport,3998610569
500,Richard Patterson,Charity,Huynhmouth,1091960030
501,William Davila,Individual,Gilbertborough,6320448155
502,Carly Austin,Charity,Connerland,9696947636
503,Eileen Scott,Charity,Lewismouth,1417857771
504,Michael Williams,Shelter,Matthewhaven,5112046271
505,Alexandra Owens,NGO,Bradleyland,9279961259
506,Mrs. Kim Blackwell,NGO,Port Margaretport,9780172536
507,Destiny Maldonado,Charity,Carlosfurt,5464322877
508,Kimberly Wilson,Individual,Susanville,9903662975
509,Drew Edwards,Charity,Huffmouth,7065058040
510,Jeremy Christensen,Individual,Ashleyborough,6787773829
511,Kimberly Cox,NGO,Lake Gloria,6289046503
512,Anne Stone,Shelter,Pittsville,8295317575
513,Dr. Ryan Gilbert,Individual,Sarahaven,8646115297
514,Ashley Bell,Shelter,Olsonland,5492497502
515,Misty Downs,NGO,Robertview,643596470
516,Gary Myers,Shelter,Turnerhaven,6699198102
517,Taylor Wolfe,Individual,New Travisland,5163674140
518,Katrina Smith,NGO,Stephanieberg,1299496527
519,Elizabeth Salazar,Shelter,Paynestad,1474123411
520,Alexandra Jones,NGO,Lisaborough,9258392741
521,David Robinson,NGO,Carolinebury,2255769253
522,Veronica Robinson,NGO,East Cynthiahaven,1088817279
523,William Fox,NGO,Port Angelafurt,2280026281
524,Tiffany Rodriguez,Charity,Ramirezhaven,4271890881
525,Michael Dixon,Charity,Rebeccaview,6325450933
526,Brian Morales,NGO,Darinland,3972329674
527,Kelli Fuentes,NGO,East Peter,2002768448
528,Alexander Dean,Charity,New Robert,33493774
529,Amy Perez,Charity,West Jacquelineland,6343701202
530,Lindsay Yates,Individual,Diazshire,8675681040
531,Alexandra Rogers,Charity,Paulaburgh,6327485954
532,David Sellers DVM,Individual,South Michaelfurt,4923213443
533,Joseph Knapp,Shelter,New Michael,1170969114
534,Megan Miller,Individual,Anthonyport,2526655472
535,Jane Avila,Shelter,Christinahaven,329872893
536,Margaret Lloyd,Shelter,Phillipston,6729292504
537,Earl Eaton,Shelter,Port Michaelport,764237778
538,Ronald Norton,Individual,Carterton,6058460735
539,Jessica Lee,NGO,Vasquezberg,1295971071
540,Cristina Curtis,Individual,East Davidbury,5047220994
541,Amy Brown,NGO,Shelbyland,6320804024
542,Savannah Neal,Individual,Ashleeside,5747369555
543,Brenda Green,Charity,Jacobmouth,5154579388
544,Matthew Wright,NGO,Port Traci,7820744708
545,Peter Allen,Individual,Port Kristinechester,4878771518
546,Meagan Hughes,Charity,Lake Lance,1093649434
547,James Kennedy,Charity,South Donaldshire,1874248816
548,Gary Andrews,NGO,Gonzalezstad,1153683340
549,Trevor Lam,NGO,New Alexismouth,7262770665
550,Shawn Gibson,Individual,South Eric,3042733000
551,Kyle Vega,Shelter,West Alexandra,2393557045
552,Jeremiah Jones,NGO,Shaneport,3223114182
553,Scott Proctor,Shelter,Adamland,8223157499
554,Margaret Mccullough,Charity,Ortizmouth,8888903956
555,Mary Lewis,Individual,Port Richard,4436808966
556,James Wolfe,NGO,Woodsfurt,9179905443
557,Andrea Mcdaniel,NGO,Kingville,5060260948
558,Samantha Salinas,Charity,Rayberg,6815396235
559,Randy Martinez,Shelter,Brownville,4511379961
560,Matthew Mendez,Shelter,South Meganland,2314120799
561,Andrea Morris,NGO,Hallton,1835082191
562,Antonio Murphy,NGO,West Kevin,6403009110
563,Brandon Johnson,Charity,Randyville,1609543250
564,Justin Smith,Individual,Pottertown,5888743231
565,Brian Blankenship,Charity,East Jordanborough,9162239898
566,Michael Lewis,Individual,East Kimberlymouth,781249988
567,Peggy Knight,Shelter,North Michaelville,4174695110
568,Melissa Mclaughlin,Charity,Roberttown,8777708364
569,Danny Randolph,Shelter,South Yolanda,290118582
570,Anthony Cochran,Individual,Port Todd,5308284007
571,Lydia Phillips,Shelter,North Hollyland,7041622429
572,Diana Blair,Shelter,Murrayside,4339850003
573,William Clark,Shelter,Port Courtneyland,4689527647
574,Mr. William Hunt,Shelter,Barreratown,5469787462
575,Jennifer Davila,Shelter,Hollandburgh,7184475866
576,Justin Lopez,Individual,East Stephenton,1538449436
577,Thomas Burch,Charity,North Lori,3908825868
578,Larry Bradshaw,NGO,Lake Cody,8435973151
579,Nancy Guerrero,Individual,South Elizabeth,8913817696
580,Yesenia Solomon,Charity,Port Paulaton,7765870514
581,April Mcintosh,Charity,North Sherribury,8759319388
582,Douglas Cook,Shelter,Hunterbury,8724548537
583,Sean Henderson,NGO,Lake Gregory,3264934118
584,Austin Vance,Shelter,Whiteside,7196283029
585,Mark Lewis,NGO,Lisaview,5402205777
586,Amy Barker,Shelter,North Nathanville,2130105044
587,Jennifer Clark,NGO,Spencermouth,9671099671
588,Laurie Alvarez,Shelter,North Raymond,2988742698
589,Nicole Williams,NGO,West Richard,7277713700
590,Terry Fernandez,Shelter,Mooreburgh,2752343392
591,Susan Clark,NGO,Beckville,204357439
592,Michael Pennington,Charity,South Gabrielmouth,9054209084
593,Douglas Mann MD,NGO,North Lisaburgh,3180399487
594,Sheri Johnson,Shelter,North Christopher,2539200751
595,Courtney Whitney,Individual,West Mariashire,5284467897
596,Natalie Navarro,Shelter,West Carrieberg,7426627972
597,Willie Nichols,Charity,Jonesland,6097351313
598,Alexa Guerra,NGO,Ariasbury,7691923865
599,Christopher Davis,NGO,South Yvettestad,5250722056
600,Bruce Alexander,Individual,New Tammyhaven,3765012938
601,Peter Gonzalez,Shelter,Biancaton,7846019811
602,Paul Carter,Individual,Kinghaven,2530183445
603,Christina Caldwell,Shelter,New Christopherburgh,7458077325
604,Ashley Hall,Individual,Butlerborough,5473443774
605,Tara Johnson,NGO,East Nathan,9017973598
606,Jenna Bowen,Shelter,Nicoleside,1839790650
607,Sean Wolf,NGO,Mcfarlandhaven,9137034400
608,Oscar Bauer,Charity,South Nicoleberg,8745076783
609,Brian Riddle,Shelter,Jenniferbury,1493189525
610,Jimmy Morton,Charity,New Carrie,4805706158
611,Jeff Rivas,Charity,Mcdanielmouth,6542904573
612,Meredith Griffin,NGO,Patriciamouth,3308187400
613,Renee Campbell,Shelter,North Tiffanyfort,3750653151
614,Peggy Parker,Shelter,South Waynefurt,6435183066
615,Rachel Carson,NGO,Robertside,8522109575
616,Christopher Wright,Shelter,New Kellytown,748622827
617,Justin Lee,Individual,Shelleyburgh,6530365771
618,Samuel Mendez,Individual,Andersonland,644310381
619,Taylor Estrada,NGO,Nguyenview,5565960359
620,Cassandra Foster,Individual,West Danielview,4754219049
621,David Jordan,Individual,Mendozabury,8168331096
622,Gary Torres,Charity,Kimberlyview,4126138114
623,Phillip Rogers,Individual,Keithstad,4646612045
624,Alvin Day Jr.,NGO,East Heatherbury,7221278600
625,Paul Lee,NGO,Stephenchester,5750243157
626,Theresa Gonzalez,Charity,Port David,5686038358
627,Beth Chavez,Shelter,East Nicole,9110040285
628,James Gardner,NGO,Morenoborough,2113183136
629,Andrea Hansen,NGO,Lake Mary,2556518151
630,Sarah Ochoa,Charity,Vancebury,9182551669
631,Diana Fisher,Shelter,New Daryl,3914500152
632,Austin Smith,NGO,North Marcusbury,1883193973
633,Jay Higgins,NGO,Perezhaven,8809908313
634,Jessica Watkins,Charity,Robertton,5940759286
635,Lisa Marshall,Charity,Johnville,3754231187
636,Devon Burton,Charity,Blakehaven,1089325817
637,Benjamin Soto,NGO,West Garretthaven,8693958395
638,Timothy Browning,Charity,Moralesfort,8362473024
639,Jeffrey Vaughan,Charity,Cameronfurt,3657408619
640,Joseph Smith,NGO,Anthonystad,9837667391
641,Robert Jones,Shelter,East Antoniobury,1681124978
642,Sarah Rose,NGO,New Ryanmouth,8808386557
643,Mary Morrow,NGO,Melaniehaven,2197207901
644,Deanna Brown DDS,Individual,Fowlerburgh,6951474833
645,Steven Armstrong,NGO,Robertfurt,2161559564
646,Maria Lee,Individual,West Juanchester,4337297840
647,Christine Davis,Charity,Josephton,1443597605
648,Heather Stewart,NGO,South Lucasview,9364091169
649,Cory Schmidt MD,Individual,Johnsonville,5356309779
650,Nicholas Peterson,NGO,West Troyview,8315339196
651,Rebecca Mcbride,Charity,Port Timothymouth,1410043055
652,Sandy Ward,Shelter,North Michael,4604371719
653,Jason Garcia,Shelter,Port Mariemouth,8461087983
654,John Murray,Shelter,Fernandezberg,401175796
655,Lauren Golden,NGO,Michealstad,5091203093
656,Christopher Clark,NGO,Port Peggyshire,209614423
657,Patricia Salas,Individual,Port Maryshire,5695147193
658,Frank Olson,Shelter,South Anthonyside,4756785051
659,Elizabeth Stewart,NGO,Kempstad,3101827759
660,James Hernandez II,Charity,Kenthaven,362352960
661,Robert White,Charity,Petersonmouth,9828389359
662,Gabriel Harris,Individual,Port Shannonhaven,342142599
663,Michael English,NGO,Lake Daniel,6123203740
664,Joseph Nelson,Individual,Phillipston,7800327079
665,Felicia Collier,NGO,Toddstad,2024089101
666,Meredith Hull,NGO,Markfurt,9876833505
667,Christine Beasley,Individual,Jensenland,6677294034
668,Maria Singh,NGO,Brandonhaven,1271876477
669,Karen Cox,Charity,Davidland,9905423904
670,Amber Hobbs,NGO,Rogersfort,6451278523
671,Cindy Green PhD,NGO,Sharpfurt,6744184457
672,Janice Thornton,Charity,Allenmouth,3591774671
673,Shelly Castillo,Charity,Chenview,1235915247
674,Stephen Harris,Charity,Port Seanshire,8807237908
675,Robert Day,NGO,Goodmanfort,2420215864
676,John Williams,Charity,Brooksborough,7176152273
677,Joshua Rush,Charity,New Mark,6944031226
678,Joseph Johnson,NGO,South Jasminechester,283526950
679,Alexis Rodriguez,Shelter,South Shirleymouth,8278108926
680,James Lewis,NGO,Richardton,1512871850
681,Becky Hernandez,Shelter,Jeanshire,5109795700
682,Paige Lewis,Shelter,Karenfort,6085231697
683,Mark Williams,NGO,Taylorport,5209638410
684,Kiara Martinez,Individual,Ellisborough,8299398804
685,Angela Knight,Individual,Port Joshua,3302377936
686,Spencer Roberts,Charity,East Sheenahaven,102914932
687,Danny Palmer,NGO,North Erikhaven,3158378838
688,Jeffrey Turner,Charity,East Tiffanyview,309450214
689,Michael Murphy,NGO,Lake Sheilaland,3640264812
690,Jeffrey Knight,Individual,Wardshire,2077948313
691,Brittany Williams,Individual,Christinehaven,4817343041
692,Christopher Stokes,Individual,Joshuahaven,8793149531
693,Carl Brewer,Individual,Nelsonbury,6451577104
694,Rachel Arnold,Shelter,New James,4132905614
695,Janet Newton,Individual,West Amandaport,9305908261
696,Kellie Hart,Charity,Changview,9912633112
697,Laura Leach,Charity,Davidtown,5465940771
698,Dawn Rodriguez MD,Charity,New Shauntown,2432933668
699,Sabrina Johnson,Charity,East Emily,5521243791
700,Kimberly Duncan,Shelter,West Monica,1582436740
701,Amber Arellano,NGO,South Marymouth,4258787628
702,Rebecca Chan,Charity,West Brittany,2797073052
703,Mr. Jonathan Williams,Individual,Bruceburgh,6060106061
704,Jason Lowe,NGO,Sarahside,631150253
705,Christopher Sellers,Charity,East Nathanstad,5709576832
706,Shannon Jensen,Shelter,Lake Kevinport,5701120234
707,Jason Martin,Charity,New Frederickfort,7771204743
708,Jacob Mendez,Individual,South Jason,8183586757
709,Matthew Sanchez,Individual,New Stephanie,834622013
710,Eric Carrillo,Shelter,Nicholsonland,787931997
711,Mark Carroll,Shelter,Lovestad,3695612249
712,Laura Graham,NGO,Mercerport,8045311455
713,Robert Moses,Shelter,Port Terry,7052999094
714,Adam Phelps,Individual,North Amanda,5866126376
715,Tyler Christensen,Charity,Lake Douglas,3066912501
716,Angela Gregory,Individual,Lake Tracytown,8566676112
717,Jonathon Gregory,Individual,Shortfort,5117461377
718,Matthew Brown,Individual,Port Amberfurt,7853360978
719,Brian Oneill,NGO,East Stephaniefort,4236914227
720,Jeremiah Terry,Individual,Nicoleberg,5013103762
721,Ashley Ramirez,Charity,Heatherburgh,6043823103
722,Deanna Owens,NGO,South Mark,8654109397
723,Lisa Kim,Individual,New Brandyhaven,4658562095
724,Randall Ford,Shelter,East Tasha,3784210768
725,Edward Lopez,NGO,New Matthewton,6835917229
726,Tammy Brown,Shelter,Victorton,6916213556
727,Troy Jimenez,Shelter,Port Marc,4627567494
728,Dustin Stark,Charity,Kimberlymouth,457479791
729,David Spence,Charity,Port Curtisside,8430061807
730,Felicia Glover,Shelter,East Michael,9828442370
731,Jacob Scott,Charity,South Jenniferburgh,8572168483
732,Jessica Shields,Shelter,South Richard,9250182511
733,David Fox,Individual,Longmouth,8004782916
734,Amanda Buchanan,NGO,Perryton,8457161884
735,Kyle Scott,Individual,Reedview,2043107974
736,Damon Schmidt,Charity,Cummingschester,2368735864
737,James Brown,Shelter,Lake Catherine,8875491151
738,Matthew Morgan,Charity,Robertton,5355122781
739,Nancy Jones,Shelter,West Bradley,4578047368
740,Denise Lucas,Charity,East Jamesmouth,7584891702
741,Amber Burnett,Charity,Garciashire,9013559555
742,Matthew Webb,Charity,West David,4194450465
743,Nicholas Tucker,Charity,Port Samantha,2900712070
744,Matthew Deleon,Individual,Danielsview,9409278989
745,Jose Vance,NGO,Lake Heatherberg,2078372021
746,Kenneth Barnes,NGO,South Lindsay,8684340244
747,Vanessa Johnson,Shelter,Wilsonshire,4770795528
748,Bridget Williams,Charity,South Williamview,3472416344
749,Michael Craig,Individual,Moralesburgh,8999508143
750,Levi Lucas,Charity,North Vanessamouth,7635392058
751,Travis Johnson,Shelter,South Edward,7856401614
752,Cassidy Alvarado,Individual,Leahchester,8253644624
753,Samantha Potter,Charity,Aguilarbury,4344196086
754,Michael Ford,Individual,New Sean,3899888452
755,Eugene Beltran,Shelter,South Samanthaburgh,6162431933
756,Emma Anderson,NGO,Lake Michelle,3693475266
757,Christopher Garcia,Charity,North Danielchester,5556330883
758,Jennifer Lucero,NGO,South Theresaberg,5509135748
759,Kathleen Watkins,Shelter,Hardyberg,7884119238
760,Gina Blankenship,Shelter,Brittanyborough,1719901418
761,Douglas Roberts,Shelter,Deanstad,777950039
762,Donna Chang,NGO,East Stevenborough,9564962501
763,Karen Williamson,Shelter,Sandovalmouth,8447278504
764,Krista Williams,Shelter,Oliverberg,4814373776
765,Joshua Hooper,Shelter,Buchananton,3143005130
766,John Reynolds,Shelter,Grahambury,8594026875
767,Jordan Hart,Shelter,East Julietown,7536365946
768,Mary Wilson,Charity,Lake Kimberlyton,6385853588
769,John Warner,Shelter,Cookhaven,33205395
770,Jacob Gibbs,Charity,New Jesus,8062651675
771,Emily Gallagher,Individual,Wagnerburgh,4916631678
772,Cassandra Yoder,Charity,Danielfurt,7660621673
773,Hunter Richards,NGO,West Victoriaberg,5817781214
774,Tracy Bass,NGO,South Jessicaburgh,2584749956
775,Thomas Nelson,Charity,Donnamouth,6018962271
776,James Thompson,Shelter,Ronaldmouth,7327913396
777,Julie Dickerson,Shelter,Diazbury,1382733067
778,Kristie Townsend,Shelter,Melissaberg,8958245761
779,James Turner,NGO,North Mallorystad,7097978681
780,Jacqueline Johnson,Shelter,Jeffreyland,7142344884
781,Jason Taylor,NGO,Reginaburgh,3803549178
782,Timothy Burns,Charity,East Janetstad,2625557560
783,Monica Phillips,Charity,New Phillipfurt,1885889838
784,Jill Harris,Shelter,Josephfurt,3718811427
785,Melissa Lee,Charity,Brownport,1940479719
786,Robert Kim,Shelter,Port Gabrielleborough,6799853487
787,Rachel Rios,NGO,Sarahaven,3191048885
788,Beth Phillips,NGO,Zacharyview,8322798386
789,Laura Robertson,NGO,Hansonfurt,1653367759
790,Stephanie Smith,Charity,West Carrieport,1595438730
791,David Kennedy,Charity,Port Caleb,2971540982
792,Tamara Frey,Shelter,Deanfort,1685693615
793,Renee Anderson,Charity,Princehaven,401324956
794,Lee Nunez,Individual,Andersonfort,8571870688
795,Caitlin Cobb,Charity,North Andresport,9688714930
796,Lisa Carroll,NGO,South Jamesfort,8428919643
797,Robert Becker,Charity,Danielland,607560612
798,James Estrada,Individual,Westport,5085425607
799,Adam Moore,Charity,East Josephview,326081212
800,Anthony Garcia,Individual,Brownbury,5419687513
801,Samantha Simpson,Shelter,West Meganmouth,8323866065
802,Lisa Cruz,Charity,Stevenmouth,1774836631
803,Joseph Stafford,Shelter,Lake Lindseystad,8127825617
804,Elizabeth Cochran,NGO,Theresabury,7711350025
805,Sharon Martin,Individual,South Michelleport,8920088858
806,James Miller,NGO,Lisabury,1968686637
807,Taylor Miller,NGO,Josephside,2705486316
808,Pamela Finley,Individual,Harrisfurt,2538055508
809,Karen Cain,Individual,East Daisybury,6041850865
810,Cody Meyer,NGO,Westshire,7209547370
811,Scott Schroeder,Shelter,Markfurt,422531276
812,Sabrina Klein MD,Individual,Shawhaven,5455580217
813,Amber Hale,Individual,Comptonside,7502352728
814,Michael Petersen,NGO,Maryside,1193297038
815,James Miller,NGO,North Dawn,9728411773
816,Jeremiah Hampton,Charity,South Sheryl,8370484121
817,Victoria Torres,Charity,Martinchester,8094457755
818,Danielle Hayes,NGO,Andreaberg,1310927379
819,Christina Lambert,Shelter,Delgadofort,1691435014
820,Patrick Velasquez,Individual,West Jacob,1667246746
821,Jeffrey Wilson,Charity,Davisport,3907219847
822,Aaron Malone,Shelter,East Mark,3669786095
823,James Rose,Shelter,East Amandaberg,6582047743
824,Madison Myers,Shelter,Cruzland,83338386
825,Charles Morris,Charity,New Olivia,7482544414
826,Mr. Steven Reeves MD,Individual,West Jacquelinefort,3946081451
827,John Simmons,NGO,North Tanner,3886145650
828,Jason Mcpherson,Shelter,Michaelside,6934197409
829,Mr. Brian Fox,Charity,Scottbury,3164760229
830,Jeffrey Cooper,Shelter,Lake Christian,8772455095
831,Samantha Ellison,Individual,New Kimberly,3772929078
832,Kylie Young,Shelter,Ginaview,9131186244
833,Kelly Pierce,Shelter,West Josephland,4671150479
834,Renee Flynn,Individual,South Mark,935018423
835,Jennifer Wright,Shelter,Lauratown,6326176228
836,Scott Craig,Shelter,South Lisa,1183826136
837,Michelle Reed,Shelter,West John,1072168815
838,Jessica Stephens,Charity,West Michaelton,3589778320
839,Michael Cox,NGO,North Kelly,7395146845
840,Mary Anderson,Shelter,South Mirandamouth,6013315456
841,Brian Reed,NGO,Amandaburgh,6494981956
842,Robert Stewart,Shelter,New Laura,162444712
843,Glenn Anthony,Charity,Halltown,5029607549
844,Andrew Gray,Individual,Lake Dustin,571922140
845,Adam Horton,NGO,Ramosberg,4230076300
846,Charles Aguilar,NGO,Johnsonchester,1910710033
847,Wesley Myers,Shelter,Meganburgh,9175320243
848,Terrence Wagner,Individual,Taraside,8322467583
849,Kyle Johnson,Shelter,Ellisshire,8877666073
850,Kristopher Mendoza,Individual,Bradfurt,6633954475
851,Christina Brown,NGO,Wyattton,9830347865
852,Jo Martinez,Charity,Port Williamtown,4260126505
853,Tanya Lowe,Charity,Crawfordchester,6775969794
854,Christopher Diaz,Individual,Lorifurt,1062480735
855,Robert Abbott,NGO,Collierburgh,5328181037
856,Amanda Brown,Individual,New Larryshire,1763305060
857,Jennifer Taylor,Individual,Lake Kaylamouth,242411359
858,Ashley Harris,Individual,Lake Stephenchester,2460774285
859,Dana Williams,Charity,Cookstad,5259995693
860,James Knight,Charity,Kirkfort,5044343556
861,Ashley Clark,NGO,Poolebury,6226804900
862,Justin Martinez,Individual,New Erikamouth,7712204253
863,Jessica Camacho,Individual,Billyland,6749988688
864,Justin Anderson,NGO,South Craigborough,6298865504
865,Katherine Houston,Individual,Lake Joshuabury,2001969064
866,Jose Cooper,Shelter,Pooleside,836012157
867,Tara Williams,Individual,New Dakotahaven,7246108348
868,Kayla Erickson,Shelter,West Lindseyside,5269670263
869,David Mendoza,Charity,North Shawnastad,8649061969
870,Joshua Mendoza,Charity,North Amy,8767043953
871,Veronica Adams,Individual,Natalieside,3857123680
872,Lori Peters,Individual,Annaborough,6526057691
873,Darius Reid,Charity,Port Philipmouth,3069395162
874,Danny Brown,Individual,East Shirley,1228079605
875,Scott Smith,Individual,New Donnahaven,3769655711
876,Jeremy Robinson,NGO,Jamesview,9832297777
877,Jeffrey Stafford,Shelter,North Nicholasborough,6024687969
878,Cory Johnson,NGO,Port Robertmouth,9443115766
879,Bridget Hill,Charity,South Emily,6523316437
880,Kristen Foster,Shelter,North Ricardo,7492528592
881,Alan Riley,NGO,Tylermouth,6202120274
882,Steven Shaffer,Shelter,Rodneyport,7997939460
883,Aaron Rios,NGO,New Jeffreyhaven,9485981093
884,Mary Evans,Shelter,North Josephmouth,2484575683
885,James Hardin,Individual,East Robert,356813982
886,Amber Cruz,Shelter,Allenborough,731734206
887,Jean Woods,Shelter,Fernandezchester,4683048077
888,Matthew Davis,Charity,Birdview,1367475533
889,Holly Aguilar,NGO,West Sara,7995062068
890,Joseph Whitaker,NGO,Jamesborough,592718576
891,Thomas Myers,Shelter,North Haleyhaven,5798565722
892,Brian Hardy,NGO,Lake Williamhaven,2754267155
893,Carrie Hess,Charity,Jarvisshire,679673188
894,Tammy Fletcher,Charity,New Adrian,2195502711
895,Ms. Deborah Campos,Individual,West Barry,5799485058
896,Jennifer Smith,Shelter,Josephton,1797280744
897,Shelby Rice,Shelter,New Loriberg,7021127474
898,Emily Ramos,Shelter,East Michaelview,7957197362
899,Rachel Pena,NGO,Grossport,6685935836
900,Hannah Reynolds,Charity,East Kevinberg,533077836
901,Donald Caldwell,Shelter,Dawsonberg,7122176177
902,Michelle Riley,NGO,New Juliaton,9794668873
903,Cindy Robinson DDS,Shelter,Franklinview,4186239588
904,Amanda Kline,Shelter,East Travis,3763204275
905,Ann Odonnell,Charity,East Michael,5766029567
906,Christopher Gonzalez,Shelter,Payneland,2412999765
907,Jamie Jenkins,NGO,New Melanie,9039528783
908,Abigail Crawford,NGO,Lake Shawn,101528668
909,Matthew Cordova,NGO,Rubioborough,9894409730
910,Tina Donaldson,Shelter,Lake Brandibury,7364464714
911,Devon Martinez,Individual,Jessicaland,2582469860
912,Katelyn Proctor,Charity,Williamsborough,7174618101
913,Jeffrey Jones,NGO,Kennethmouth,2972292136
914,Jeffrey Walker,Individual,Woodardview,284721603
915,Deborah Garza,Shelter,South Alanville,6955892656
916,Lindsey Mathis,Shelter,Ianland,8165585061
917,Michael Townsend,Shelter,East Kevin,3850233851
918,Katrina Cruz,Charity,Jenkinsfurt,1561688772
919,Sarah Brown,Shelter,North Christina,8073679899
920,Gregory Rodriguez,Charity,West Davidview,6716671616
921,Kelly Walls,Individual,Lake Victoriaton,8575175280
922,Savannah Holland,Individual,Kelleystad,4876887575
923,Victor Diaz,Shelter,Darinview,9230470922
924,Sarah Roberts,Shelter,North Janetland,5931889757
925,Cassidy Davis,Individual,West Donaldmouth,8153594471
926,Kimberly Ware,Individual,East Sheriton,782660266
927,Mary Escobar,Individual,Gloriaview,6368469153
928,Barbara Richards,Charity,Carlostown,1936551761
929,Donna Terry,Charity,Mathistown,1048587570
930,Joseph Smith,Shelter,Dunnbury,9099131799
931,Rhonda Lewis,Individual,South Michael,1125426821
932,Justin Stevens,Charity,South Mary,5113719827
933,Jodi Lee,NGO,West Paulfort,3517962649
934,Dr. Wendy Terrell,Charity,Erikashire,5662368791
935,John Harris,NGO,Riverafort,4502945697
936,Jacob Horton,NGO,Port Douglasland,4528304031
937,Mark Ward,NGO,Port Jonathanton,384311430
938,Matthew Thornton,NGO,Hayesfort,1084069823
939,Chad Vaughn,Charity,Lake Brandonborough,9297736531
940,Lynn Lucas,Charity,Elizabethberg,6891290146
941,Jessica Boyd,NGO,South Heather,4105626844
942,Earl Hess,Charity,Rodneyborough,91751556
943,Rebecca Lucas,Charity,New Jessicabury,4638733399
944,Sharon Wood,Charity,New Melindashire,5282176863
945,Alex Leon,Individual,Caitlynhaven,4063055873
946,Taylor Mann,Charity,North Lawrence,7482534468
947,Debra Webster,Charity,East Debramouth,1905313757
948,Thomas Castaneda,NGO,West Ashleymouth,447294296
949,Allison Pennington,Individual,North Lydiaberg,5867136798
950,Caitlin Bennett,NGO,Delacruzborough,5031329588
951,Brittany Mcclain,Individual,Robertville,3620937533
952,Sarah Morgan,Charity,Gilbertfurt,6308098000
953,Tina Anderson,Charity,Port Jonathanhaven,1021685649
954,Mark Russell,NGO,Nathanstad,3811753680
955,Christopher Wong,Charity,Jacquelineshire,7451357397
956,Jacqueline Fernandez,Charity,Kennethside,1285228213
957,Angela Hall,Charity,Greenville,2576243615
958,Scott Brown,Individual,Oneillland,4875717987
959,Samantha Gomez,Charity,Suzanneton,5853409912
960,Jason Hughes,Shelter,Myerstown,7039500955
961,Tyler Gray,NGO,West Dustinberg,3748508848
962,Donald Anderson,Shelter,North Stephanieborough,9511888539
963,Victor Ward,NGO,Johnhaven,4820263385
964,Donald Moore,Individual,Davisfort,6487689906
965,Ashley Silva,NGO,Port Thomas,4831238350
966,Sheila Lang,NGO,Lake Larryborough,5852862289
967,Samantha Sherman,Individual,Port Cindyberg,7674837772
968,Mr. Joseph Herring,Individual,Mariefurt,8390442094
969,Leon Foster,NGO,Bennettton,1989369076
970,Brandon Rice,Shelter,South Benjamin,5631222255
971,Teresa Estrada,Individual,Mayburgh,3207784104
972,Patricia Joseph,Individual,Lauraport,7669643169
973,Brian Johnson,NGO,Patrickfort,7955019929
974,Mark Miller,NGO,North Joshua,3611154694
975,Danielle Bullock,Individual,Amandafurt,5394762056
976,Tammy Patrick,Individual,Clarkton,5529014817
977,Pamela Scott,Charity,South Paul,3106420442
978,Adam Evans,Individual,Lake Sonya,8006744415
979,Rebecca Wright,Charity,Teresastad,3874410419
980,Elizabeth Fisher,Shelter,Carrborough,837769550
981,Dawn Jennings,Shelter,Port Cody,5965125392
982,Thomas Villanueva,NGO,Gutierrezmouth,3386039644
983,Joanna Black,NGO,North Jacobhaven,7819505825
984,Steve Kirby,Charity,Travishaven,5871159256
985,Thomas Sanchez,NGO,Rodneyfurt,5921072512
986,Rita Kane,Shelter,South Jamie,3473062056
987,Becky Smith,Shelter,East Renee,7907087489
988,Kristi Rodriguez,Charity,Nielsenberg,4540908379
989,Timothy Bradshaw,Individual,North Laura,4512605312
990,Patricia Hardy,Shelter,Thomasport,7353203467
991,Lindsey Wagner,Shelter,Jessicaburgh,4010527584
992,James Curry,Individual,Port Johnside,438999392
993,Alexis Hayes,Shelter,Matthewmouth,1205346473
994,Angelica Simmons,NGO,Port Kellifort,9029428232
995,Brittany Taylor,Individual,Andrewsport,6871064981
996,Matthew Curtis,Shelter,Lanechester,8944421289
997,Amanda Cain,NGO,New Steven,9156015316
998,Theodore Briggs,Individual,South Sandra,994425031
999,Cheyenne Ramsey,NGO,Lake Jeffery,481615300
1000,April Miller,Shelter,Shelbychester,3265223999
